<?xml version="1.0" encoding="UTF-8"?>
<job id="myJob" xmlns="http://xmlns.jcp.org/xml/ns/javaee" version="1.0">
    <step id="myStep" >
        <listeners>
            <listener ref="mySkipReadListener"/>
            <listener ref="mySkipProcessorListener"/>
            <listener ref="mySkipWriteListener"/>
            <listener ref="myRetryReadListener"/>
            <listener ref="myRetryProcessorListener"/>
            <listener ref="myRetryWriteListener"/>
        </listeners>
        <!-- skip-limit and retry-limit should have values greater than 0 to perform the expected behaviour -->
        <chunk checkpoint-policy="item" item-count="3" skip-limit="3" retry-limit="3">
            <reader ref="myItemReader"/>
            <processor ref="myItemProcessor"/>
            <writer ref="myItemWriter"/>
            <skippable-exception-classes>
                <include class="java.lang.RuntimeException"/>
                <include class="java.lang.UnsupportedOperationException"/>
            </skippable-exception-classes>
            <retryable-exception-classes>
                <include class="java.lang.IllegalArgumentException"/>
                <include class="java.lang.UnsupportedOperationException"/>
            </retryable-exception-classes>
        </chunk>
    </step>
</job>

