<?xml version="1.0" encoding="UTF-8"?>
<job id="myJob" xmlns="http://xmlns.jcp.org/xml/ns/javaee" version="1.0">
    <split id="split1" next="step3">
        <flow id="flow1">
            <step id="step1">
                <batchlet ref="myBatchlet1"/>
            </step>
        </flow>
        <flow id="flow2">
            <step id="step2">
                <batchlet ref="myBatchlet2"/>
            </step>
        </flow>
    </split>
    <step id="step3">
        <batchlet ref="myBatchlet3"/>
    </step>
</job>

