<?xml version="1.0" encoding="UTF-8"?>
<job id="myJob" xmlns="http://xmlns.jcp.org/xml/ns/javaee" version="1.0">
    <flow id="flow1" next="step3">
        <step id="step1" next="step2">
            <batchlet ref="myBatchlet1"/>
        </step>
        <step id="step2" >
            <chunk item-count="3">
                <reader ref="myItemReader"/>
                <writer ref="myItemWriter"/>
            </chunk>	
        </step>
    </flow>
    <step id="step3" >
        <batchlet ref="myBatchlet2"/>
    </step>
</job>

