[
    { "AlbumId": 1, "Title": "For Those About To Rock We Salute You", "ArtistId": 1 }, 
    { "AlbumId": 2, "Title": "Balls to the Wall", "ArtistId": 2 }, 
    { "AlbumId": 3, "Title": "Restless and Wild", "ArtistId": 2 }, 
    { "AlbumId": 4, "Title": "Let There Be Rock", "ArtistId": 1 }, 
    { "AlbumId": 5, "Title": "Big Ones", "ArtistId": 3 }, 
    { "AlbumId": 6, "Title": "Jagged Little Pill", "ArtistId": 4 }, 
    { "AlbumId": 7, "Title": "Facelift", "ArtistId": 5 }, 
    { "AlbumId": 8, "Title": "Warner 25 Anos", "ArtistId": 6 }, 
    { "AlbumId": 9, "Title": "Plays Metallica By Four Cellos", "ArtistId": 7 }, 
    { "AlbumId": 10, "Title": "Audioslave", "ArtistId": 8 }, 
    { "AlbumId": 11, "Title": "Out Of Exile", "ArtistId": 8 }, 
    { "AlbumId": 12, "Title": "BackBeat Soundtrack", "ArtistId": 9 }, 
    { "AlbumId": 13, "Title": "The Best Of Billy Cobham", "ArtistId": 10 }, 
    { "AlbumId": 14, "Title": "Alcohol Fueled Brewtality Live! [Disc 1]", "ArtistId": 11 }, 
    { "AlbumId": 15, "Title": "Alcohol Fueled Brewtality Live! [Disc 2]", "ArtistId": 11 }, 
    { "AlbumId": 16, "Title": "Black Sabbath", "ArtistId": 12 }, 
    { "AlbumId": 17, "Title": "Black Sabbath Vol. 4 (Remaster)", "ArtistId": 12 }, 
    { "AlbumId": 18, "Title": "Body Count", "ArtistId": 13 }, 
    { "AlbumId": 19, "Title": "Chemical Wedding", "ArtistId": 14 }, 
    { "AlbumId": 20, "Title": "The Best Of Buddy Guy - The Millenium Collection", "ArtistId": 15 }, 
    { "AlbumId": 21, "Title": "Prenda Minha", "ArtistId": 16 }, 
    { "AlbumId": 22, "Title": "Sozinho Remix Ao Vivo", "ArtistId": 16 }, 
    { "AlbumId": 23, "Title": "Minha Historia", "ArtistId": 17 }, 
    { "AlbumId": 24, "Title": "Afrociberdelia", "ArtistId": 18 }, 
    { "AlbumId": 25, "Title": "Da Lama Ao Caos", "ArtistId": 18 }, 
    { "AlbumId": 26, "Title": "Acústico MTV [Live]", "ArtistId": 19 }, 
    { "AlbumId": 27, "Title": "Cidade Negra - Hits", "ArtistId": 19 }, 
    { "AlbumId": 28, "Title": "Na Pista", "ArtistId": 20 }, 
    { "AlbumId": 29, "Title": "Axé Bahia 2001", "ArtistId": 21 }, 
    { "AlbumId": 30, "Title": "BBC Sessions [Disc 1] [Live]", "ArtistId": 22 }, 
    { "AlbumId": 31, "Title": "Bongo Fury", "ArtistId": 23 }, 
    { "AlbumId": 32, "Title": "Carnaval 2001", "ArtistId": 21 }, 
    { "AlbumId": 33, "Title": "Chill: Brazil (Disc 1)", "ArtistId": 24 }, 
    { "AlbumId": 34, "Title": "Chill: Brazil (Disc 2)", "ArtistId": 6 }, 
    { "AlbumId": 35, "Title": "Garage Inc. (Disc 1)", "ArtistId": 50 }, 
    { "AlbumId": 36, "Title": "Greatest Hits II", "ArtistId": 51 }, 
    { "AlbumId": 37, "Title": "Greatest Kiss", "ArtistId": 52 }, 
    { "AlbumId": 38, "Title": "Heart of the Night", "ArtistId": 53 }, 
    { "AlbumId": 39, "Title": "International Superhits", "ArtistId": 54 }, 
    { "AlbumId": 40, "Title": "Into The Light", "ArtistId": 55 }, 
    { "AlbumId": 41, "Title": "Meus Momentos", "ArtistId": 56 }, 
    { "AlbumId": 42, "Title": "Minha História", "ArtistId": 57 }, 
    { "AlbumId": 43, "Title": "MK III The Final Concerts [Disc 1]", "ArtistId": 58 }, 
    { "AlbumId": 44, "Title": "Physical Graffiti [Disc 1]", "ArtistId": 22 }, 
    { "AlbumId": 45, "Title": "Sambas De Enredo 2001", "ArtistId": 21 }, 
    { "AlbumId": 46, "Title": "Supernatural", "ArtistId": 59 }, 
    { "AlbumId": 47, "Title": "The Best of Ed Motta", "ArtistId": 37 }, 
    { "AlbumId": 48, "Title": "The Essential Miles Davis [Disc 1]", "ArtistId": 68 }, 
    { "AlbumId": 49, "Title": "The Essential Miles Davis [Disc 2]", "ArtistId": 68 }, 
    { "AlbumId": 50, "Title": "The Final Concerts (Disc 2)", "ArtistId": 58 }, 
    { "AlbumId": 51, "Title": "Up An' Atom", "ArtistId": 69 }, 
    { "AlbumId": 52, "Title": "Vinícius De Moraes - Sem Limite", "ArtistId": 70 }, 
    { "AlbumId": 53, "Title": "Vozes do MPB", "ArtistId": 21 }, 
    { "AlbumId": 54, "Title": "Chronicle, Vol. 1", "ArtistId": 76 }, 
    { "AlbumId": 55, "Title": "Chronicle, Vol. 2", "ArtistId": 76 }, 
    { "AlbumId": 56, "Title": "Cássia Eller - Coleção Sem Limite [Disc 2]", "ArtistId": 77 }, 
    { "AlbumId": 57, "Title": "Cássia Eller - Sem Limite [Disc 1]", "ArtistId": 77 }, 
    { "AlbumId": 58, "Title": "Come Taste The Band", "ArtistId": 58 }, 
    { "AlbumId": 59, "Title": "Deep Purple In Rock", "ArtistId": 58 }, 
    { "AlbumId": 60, "Title": "Fireball", "ArtistId": 58 }, 
    { "AlbumId": 61, "Title": "Knocking at Your Back Door: The Best Of Deep Purple in the 80's", "ArtistId": 58 }, 
    { "AlbumId": 62, "Title": "Machine Head", "ArtistId": 58 }, 
    { "AlbumId": 63, "Title": "Purpendicular", "ArtistId": 58 }, 
    { "AlbumId": 64, "Title": "Slaves And Masters", "ArtistId": 58 }, 
    { "AlbumId": 65, "Title": "Stormbringer", "ArtistId": 58 }, 
    { "AlbumId": 66, "Title": "The Battle Rages On", "ArtistId": 58 }, 
    { "AlbumId": 67, "Title": "Vault: Def Leppard's Greatest Hits", "ArtistId": 78 }, 
    { "AlbumId": 68, "Title": "Outbreak", "ArtistId": 79 }, 
    { "AlbumId": 69, "Title": "Djavan Ao Vivo - Vol. 02", "ArtistId": 80 }, 
    { "AlbumId": 70, "Title": "Djavan Ao Vivo - Vol. 1", "ArtistId": 80 }, 
    { "AlbumId": 71, "Title": "Elis Regina-Minha História", "ArtistId": 41 }, 
    { "AlbumId": 72, "Title": "The Cream Of Clapton", "ArtistId": 81 }, 
    { "AlbumId": 73, "Title": "Unplugged", "ArtistId": 81 }, 
    { "AlbumId": 74, "Title": "Album Of The Year", "ArtistId": 82 }, 
    { "AlbumId": 75, "Title": "Angel Dust", "ArtistId": 82 }, 
    { "AlbumId": 76, "Title": "King For A Day Fool For A Lifetime", "ArtistId": 82 }, 
    { "AlbumId": 77, "Title": "The Real Thing", "ArtistId": 82 }, 
    { "AlbumId": 78, "Title": "Deixa Entrar", "ArtistId": 83 }, 
    { "AlbumId": 79, "Title": "In Your Honor [Disc 1]", "ArtistId": 84 }, 
    { "AlbumId": 80, "Title": "In Your Honor [Disc 2]", "ArtistId": 84 }, 
    { "AlbumId": 81, "Title": "One By One", "ArtistId": 84 }, 
    { "AlbumId": 82, "Title": "The Colour And The Shape", "ArtistId": 84 }, 
    { "AlbumId": 83, "Title": "My Way: The Best Of Frank Sinatra [Disc 1]", "ArtistId": 85 }, 
    { "AlbumId": 84, "Title": "Roda De Funk", "ArtistId": 86 }, 
    { "AlbumId": 85, "Title": "As Canções de Eu Tu Eles", "ArtistId": 27 }, 
    { "AlbumId": 86, "Title": "Quanta Gente Veio Ver (Live)", "ArtistId": 27 }, 
    { "AlbumId": 87, "Title": "Quanta Gente Veio ver--Bônus De Carnaval", "ArtistId": 27 }, 
    { "AlbumId": 88, "Title": "Faceless", "ArtistId": 87 }, 
    { "AlbumId": 89, "Title": "American Idiot", "ArtistId": 54 }, 
    { "AlbumId": 90, "Title": "Appetite for Destruction", "ArtistId": 88 }, 
    { "AlbumId": 91, "Title": "Use Your Illusion I", "ArtistId": 88 }, 
    { "AlbumId": 92, "Title": "Use Your Illusion II", "ArtistId": 88 }, 
    { "AlbumId": 93, "Title": "Blue Moods", "ArtistId": 89 }, 
    { "AlbumId": 94, "Title": "A Matter of Life and Death", "ArtistId": 90 }, 
    { "AlbumId": 95, "Title": "A Real Dead One", "ArtistId": 90 }, 
    { "AlbumId": 96, "Title": "A Real Live One", "ArtistId": 90 }, 
    { "AlbumId": 97, "Title": "Brave New World", "ArtistId": 90 }, 
    { "AlbumId": 98, "Title": "Dance Of Death", "ArtistId": 90 }, 
    { "AlbumId": 99, "Title": "Fear Of The Dark", "ArtistId": 90 }, 
    { "AlbumId": 100, "Title": "Iron Maiden", "ArtistId": 90 }, 
    { "AlbumId": 101, "Title": "Killers", "ArtistId": 90 }, 
    { "AlbumId": 102, "Title": "Live After Death", "ArtistId": 90 }, 
    { "AlbumId": 103, "Title": "Live At Donington 1992 (Disc 1)", "ArtistId": 90 }, 
    { "AlbumId": 104, "Title": "Live At Donington 1992 (Disc 2)", "ArtistId": 90 }, 
    { "AlbumId": 105, "Title": "No Prayer For The Dying", "ArtistId": 90 }, 
    { "AlbumId": 106, "Title": "Piece Of Mind", "ArtistId": 90 }, 
    { "AlbumId": 107, "Title": "Powerslave", "ArtistId": 90 }, 
    { "AlbumId": 108, "Title": "Rock In Rio [CD1]", "ArtistId": 90 }, 
    { "AlbumId": 109, "Title": "Rock In Rio [CD2]", "ArtistId": 90 }, 
    { "AlbumId": 110, "Title": "Seventh Son of a Seventh Son", "ArtistId": 90 }, 
    { "AlbumId": 111, "Title": "Somewhere in Time", "ArtistId": 90 }, 
    { "AlbumId": 112, "Title": "The Number of The Beast", "ArtistId": 90 }, 
    { "AlbumId": 113, "Title": "The X Factor", "ArtistId": 90 }, 
    { "AlbumId": 114, "Title": "Virtual XI", "ArtistId": 90 }, 
    { "AlbumId": 115, "Title": "Sex Machine", "ArtistId": 91 }, 
    { "AlbumId": 116, "Title": "Emergency On Planet Earth", "ArtistId": 92 }, 
    { "AlbumId": 117, "Title": "Synkronized", "ArtistId": 92 }, 
    { "AlbumId": 118, "Title": "The Return Of The Space Cowboy", "ArtistId": 92 }, 
    { "AlbumId": 119, "Title": "Get Born", "ArtistId": 93 }, 
    { "AlbumId": 120, "Title": "Are You Experienced?", "ArtistId": 94 }, 
    { "AlbumId": 121, "Title": "Surfing with the Alien (Remastered)", "ArtistId": 95 }, 
    { "AlbumId": 122, "Title": "Jorge Ben Jor 25 Anos", "ArtistId": 46 }, 
    { "AlbumId": 123, "Title": "Jota Quest-1995", "ArtistId": 96 }, 
    { "AlbumId": 124, "Title": "Cafezinho", "ArtistId": 97 }, 
    { "AlbumId": 125, "Title": "Living After Midnight", "ArtistId": 98 }, 
    { "AlbumId": 126, "Title": "Unplugged [Live]", "ArtistId": 52 }, 
    { "AlbumId": 127, "Title": "BBC Sessions [Disc 2] [Live]", "ArtistId": 22 }, 
    { "AlbumId": 128, "Title": "Coda", "ArtistId": 22 }, 
    { "AlbumId": 129, "Title": "Houses Of The Holy", "ArtistId": 22 }, 
    { "AlbumId": 130, "Title": "In Through The Out Door", "ArtistId": 22 }, 
    { "AlbumId": 131, "Title": "IV", "ArtistId": 22 }, 
    { "AlbumId": 132, "Title": "Led Zeppelin I", "ArtistId": 22 }, 
    { "AlbumId": 133, "Title": "Led Zeppelin II", "ArtistId": 22 }, 
    { "AlbumId": 134, "Title": "Led Zeppelin III", "ArtistId": 22 }, 
    { "AlbumId": 135, "Title": "Physical Graffiti [Disc 2]", "ArtistId": 22 }, 
    { "AlbumId": 136, "Title": "Presence", "ArtistId": 22 }, 
    { "AlbumId": 137, "Title": "The Song Remains The Same (Disc 1)", "ArtistId": 22 }, 
    { "AlbumId": 138, "Title": "The Song Remains The Same (Disc 2)", "ArtistId": 22 }, 
    { "AlbumId": 139, "Title": "A TempestadeTempestade Ou O Livro Dos Dias", "ArtistId": 99 }, 
    { "AlbumId": 140, "Title": "Mais Do Mesmo", "ArtistId": 99 }, 
    { "AlbumId": 141, "Title": "Greatest Hits", "ArtistId": 100 }, 
    { "AlbumId": 142, "Title": "Lulu Santos - RCA 100 Anos De Música - Álbum 01", "ArtistId": 101 }, 
    { "AlbumId": 143, "Title": "Lulu Santos - RCA 100 Anos De Música - Álbum 02", "ArtistId": 101 }, 
    { "AlbumId": 144, "Title": "Misplaced Childhood", "ArtistId": 102 }, 
    { "AlbumId": 145, "Title": "Barulhinho Bom", "ArtistId": 103 }, 
    { "AlbumId": 146, "Title": "Seek And Shall Find: More Of The Best (1963-1981)", "ArtistId": 104 }, 
    { "AlbumId": 147, "Title": "The Best Of Men At Work", "ArtistId": 105 }, 
    { "AlbumId": 148, "Title": "Black Album", "ArtistId": 50 }, 
    { "AlbumId": 149, "Title": "Garage Inc. (Disc 2)", "ArtistId": 50 }, 
    { "AlbumId": 150, "Title": "Kill 'Em All", "ArtistId": 50 }, 
    { "AlbumId": 151, "Title": "Load", "ArtistId": 50 }, 
    { "AlbumId": 152, "Title": "Master Of Puppets", "ArtistId": 50 }, 
    { "AlbumId": 153, "Title": "ReLoad", "ArtistId": 50 }, 
    { "AlbumId": 154, "Title": "Ride The Lightning", "ArtistId": 50 }, 
    { "AlbumId": 155, "Title": "St. Anger", "ArtistId": 50 }, 
    { "AlbumId": 156, "Title": "...And Justice For All", "ArtistId": 50 }, 
    { "AlbumId": 157, "Title": "Miles Ahead", "ArtistId": 68 }, 
    { "AlbumId": 158, "Title": "Milton Nascimento Ao Vivo", "ArtistId": 42 }, 
    { "AlbumId": 159, "Title": "Minas", "ArtistId": 42 }, 
    { "AlbumId": 160, "Title": "Ace Of Spades", "ArtistId": 106 }, 
    { "AlbumId": 161, "Title": "Demorou...", "ArtistId": 108 }, 
    { "AlbumId": 162, "Title": "Motley Crue Greatest Hits", "ArtistId": 109 }, 
    { "AlbumId": 163, "Title": "From The Muddy Banks Of The Wishkah [Live]", "ArtistId": 110 }, 
    { "AlbumId": 164, "Title": "Nevermind", "ArtistId": 110 }, 
    { "AlbumId": 165, "Title": "Compositores", "ArtistId": 111 }, 
    { "AlbumId": 166, "Title": "Olodum", "ArtistId": 112 }, 
    { "AlbumId": 167, "Title": "Acústico MTV", "ArtistId": 113 }, 
    { "AlbumId": 168, "Title": "Arquivo II", "ArtistId": 113 }, 
    { "AlbumId": 169, "Title": "Arquivo Os Paralamas Do Sucesso", "ArtistId": 113 }, 
    { "AlbumId": 170, "Title": "Bark at the Moon (Remastered)", "ArtistId": 114 }, 
    { "AlbumId": 171, "Title": "Blizzard of Ozz", "ArtistId": 114 }, 
    { "AlbumId": 172, "Title": "Diary of a Madman (Remastered)", "ArtistId": 114 }, 
    { "AlbumId": 173, "Title": "No More Tears (Remastered)", "ArtistId": 114 }, 
    { "AlbumId": 174, "Title": "Tribute", "ArtistId": 114 }, 
    { "AlbumId": 175, "Title": "Walking Into Clarksdale", "ArtistId": 115 }, 
    { "AlbumId": 176, "Title": "Original Soundtracks 1", "ArtistId": 116 }, 
    { "AlbumId": 177, "Title": "The Beast Live", "ArtistId": 117 }, 
    { "AlbumId": 178, "Title": "Live On Two Legs [Live]", "ArtistId": 118 }, 
    { "AlbumId": 179, "Title": "Pearl Jam", "ArtistId": 118 }, 
    { "AlbumId": 180, "Title": "Riot Act", "ArtistId": 118 }, 
    { "AlbumId": 181, "Title": "Ten", "ArtistId": 118 }, 
    { "AlbumId": 182, "Title": "Vs.", "ArtistId": 118 }, 
    { "AlbumId": 183, "Title": "Dark Side Of The Moon", "ArtistId": 120 }, 
    { "AlbumId": 184, "Title": "Os Cães Ladram Mas A Caravana Não Pára", "ArtistId": 121 }, 
    { "AlbumId": 185, "Title": "Greatest Hits I", "ArtistId": 51 }, 
    { "AlbumId": 186, "Title": "News Of The World", "ArtistId": 51 }, 
    { "AlbumId": 187, "Title": "Out Of Time", "ArtistId": 122 }, 
    { "AlbumId": 188, "Title": "Green", "ArtistId": 124 }, 
    { "AlbumId": 189, "Title": "New Adventures In Hi-Fi", "ArtistId": 124 }, 
    { "AlbumId": 190, "Title": "The Best Of R.E.M.: The IRS Years", "ArtistId": 124 }, 
    { "AlbumId": 191, "Title": "Cesta Básica", "ArtistId": 125 }, 
    { "AlbumId": 192, "Title": "Raul Seixas", "ArtistId": 126 }, 
    { "AlbumId": 193, "Title": "Blood Sugar Sex Magik", "ArtistId": 127 }, 
    { "AlbumId": 194, "Title": "By The Way", "ArtistId": 127 }, 
    { "AlbumId": 195, "Title": "Californication", "ArtistId": 127 }, 
    { "AlbumId": 196, "Title": "Retrospective I (1974-1980)", "ArtistId": 128 }, 
    { "AlbumId": 197, "Title": "Santana - As Years Go By", "ArtistId": 59 }, 
    { "AlbumId": 198, "Title": "Santana Live", "ArtistId": 59 }, 
    { "AlbumId": 199, "Title": "Maquinarama", "ArtistId": 130 }, 
    { "AlbumId": 200, "Title": "O Samba Poconé", "ArtistId": 130 }, 
    { "AlbumId": 201, "Title": "Judas 0: B-Sides and Rarities", "ArtistId": 131 }, 
    { "AlbumId": 202, "Title": "Rotten Apples: Greatest Hits", "ArtistId": 131 }, 
    { "AlbumId": 203, "Title": "A-Sides", "ArtistId": 132 }, 
    { "AlbumId": 204, "Title": "Morning Dance", "ArtistId": 53 }, 
    { "AlbumId": 205, "Title": "In Step", "ArtistId": 133 }, 
    { "AlbumId": 206, "Title": "Core", "ArtistId": 134 }, 
    { "AlbumId": 207, "Title": "Mezmerize", "ArtistId": 135 }, 
    { "AlbumId": 208, "Title": "[1997] Black Light Syndrome", "ArtistId": 136 }, 
    { "AlbumId": 209, "Title": "Live [Disc 1]", "ArtistId": 137 }, 
    { "AlbumId": 210, "Title": "Live [Disc 2]", "ArtistId": 137 }, 
    { "AlbumId": 211, "Title": "The Singles", "ArtistId": 138 }, 
    { "AlbumId": 212, "Title": "Beyond Good And Evil", "ArtistId": 139 }, 
    { "AlbumId": 213, "Title": "Pure Cult: The Best Of The Cult (For Rockers, Ravers, Lovers & Sinners) [UK]", "ArtistId": 139 }, 
    { "AlbumId": 214, "Title": "The Doors", "ArtistId": 140 }, 
    { "AlbumId": 215, "Title": "The Police Greatest Hits", "ArtistId": 141 }, 
    { "AlbumId": 216, "Title": "Hot Rocks, 1964-1971 (Disc 1)", "ArtistId": 142 }, 
    { "AlbumId": 217, "Title": "No Security", "ArtistId": 142 }, 
    { "AlbumId": 218, "Title": "Voodoo Lounge", "ArtistId": 142 }, 
    { "AlbumId": 219, "Title": "Tangents", "ArtistId": 143 }, 
    { "AlbumId": 220, "Title": "Transmission", "ArtistId": 143 }, 
    { "AlbumId": 221, "Title": "My Generation - The Very Best Of The Who", "ArtistId": 144 }, 
    { "AlbumId": 222, "Title": "Serie Sem Limite (Disc 1)", "ArtistId": 145 }, 
    { "AlbumId": 223, "Title": "Serie Sem Limite (Disc 2)", "ArtistId": 145 }, 
    { "AlbumId": 224, "Title": "Acústico", "ArtistId": 146 }, 
    { "AlbumId": 225, "Title": "Volume Dois", "ArtistId": 146 }, 
    { "AlbumId": 226, "Title": "Battlestar Galactica: The Story So Far", "ArtistId": 147 }, 
    { "AlbumId": 227, "Title": "Battlestar Galactica, Season 3", "ArtistId": 147 }, 
    { "AlbumId": 228, "Title": "Heroes, Season 1", "ArtistId": 148 }, 
    { "AlbumId": 229, "Title": "Lost, Season 3", "ArtistId": 149 }, 
    { "AlbumId": 230, "Title": "Lost, Season 1", "ArtistId": 149 }, 
    { "AlbumId": 231, "Title": "Lost, Season 2", "ArtistId": 149 }, 
    { "AlbumId": 232, "Title": "Achtung Baby", "ArtistId": 150 }, 
    { "AlbumId": 233, "Title": "All That You Can't Leave Behind", "ArtistId": 150 }, 
    { "AlbumId": 234, "Title": "B-Sides 1980-1990", "ArtistId": 150 }, 
    { "AlbumId": 235, "Title": "How To Dismantle An Atomic Bomb", "ArtistId": 150 }, 
    { "AlbumId": 236, "Title": "Pop", "ArtistId": 150 }, 
    { "AlbumId": 237, "Title": "Rattle And Hum", "ArtistId": 150 }, 
    { "AlbumId": 238, "Title": "The Best Of 1980-1990", "ArtistId": 150 }, 
    { "AlbumId": 239, "Title": "War", "ArtistId": 150 }, 
    { "AlbumId": 240, "Title": "Zooropa", "ArtistId": 150 }, 
    { "AlbumId": 241, "Title": "UB40 The Best Of - Volume Two [UK]", "ArtistId": 151 }, 
    { "AlbumId": 242, "Title": "Diver Down", "ArtistId": 152 }, 
    { "AlbumId": 243, "Title": "The Best Of Van Halen, Vol. I", "ArtistId": 152 }, 
    { "AlbumId": 244, "Title": "Van Halen", "ArtistId": 152 }, 
    { "AlbumId": 245, "Title": "Van Halen III", "ArtistId": 152 }, 
    { "AlbumId": 246, "Title": "Contraband", "ArtistId": 153 }, 
    { "AlbumId": 247, "Title": "Vinicius De Moraes", "ArtistId": 72 }, 
    { "AlbumId": 248, "Title": "Ao Vivo [IMPORT]", "ArtistId": 155 }, 
    { "AlbumId": 249, "Title": "The Office, Season 1", "ArtistId": 156 }, 
    { "AlbumId": 250, "Title": "The Office, Season 2", "ArtistId": 156 }, 
    { "AlbumId": 251, "Title": "The Office, Season 3", "ArtistId": 156 }, 
    { "AlbumId": 252, "Title": "Un-Led-Ed", "ArtistId": 157 }, 
    { "AlbumId": 253, "Title": "Battlestar Galactica (Classic), Season 1", "ArtistId": 158 }, 
    { "AlbumId": 254, "Title": "Aquaman", "ArtistId": 159 }, 
    { "AlbumId": 255, "Title": "Instant Karma: The Amnesty International Campaign to Save Darfur", "ArtistId": 150 }, 
    { "AlbumId": 256, "Title": "Speak of the Devil", "ArtistId": 114 }, 
    { "AlbumId": 257, "Title": "20th Century Masters - The Millennium Collection: The Best of Scorpions", "ArtistId": 179 }, 
    { "AlbumId": 258, "Title": "House of Pain", "ArtistId": 180 }, 
    { "AlbumId": 259, "Title": "Radio Brasil (O Som da Jovem Vanguarda) - Seleccao de Henrique Amaro", "ArtistId": 36 }, 
    { "AlbumId": 260, "Title": "Cake: B-Sides and Rarities", "ArtistId": 196 }, 
    { "AlbumId": 261, "Title": "LOST, Season 4", "ArtistId": 149 }, 
    { "AlbumId": 262, "Title": "Quiet Songs", "ArtistId": 197 }, 
    { "AlbumId": 263, "Title": "Muso Ko", "ArtistId": 198 }, 
    { "AlbumId": 264, "Title": "Realize", "ArtistId": 199 }, 
    { "AlbumId": 265, "Title": "Every Kind of Light", "ArtistId": 200 }, 
    { "AlbumId": 266, "Title": "Duos II", "ArtistId": 201 }, 
    { "AlbumId": 267, "Title": "Worlds", "ArtistId": 202 }, 
    { "AlbumId": 268, "Title": "The Best of Beethoven", "ArtistId": 203 }, 
    { "AlbumId": 269, "Title": "Temple of the Dog", "ArtistId": 204 }, 
    { "AlbumId": 270, "Title": "Carry On", "ArtistId": 205 }, 
    { "AlbumId": 271, "Title": "Revelations", "ArtistId": 8 }, 
    { "AlbumId": 272, "Title": "Adorate Deum: Gregorian Chant from the Proper of the Mass", "ArtistId": 206 }, 
    { "AlbumId": 273, "Title": "Allegri: Miserere", "ArtistId": 207 }, 
    { "AlbumId": 274, "Title": "Pachelbel: Canon & Gigue", "ArtistId": 208 }, 
    { "AlbumId": 275, "Title": "Vivaldi: The Four Seasons", "ArtistId": 209 }, 
    { "AlbumId": 276, "Title": "Bach: Violin Concertos", "ArtistId": 210 }, 
    { "AlbumId": 277, "Title": "Bach: Goldberg Variations", "ArtistId": 211 }, 
    { "AlbumId": 278, "Title": "Bach: The Cello Suites", "ArtistId": 212 }, 
    { "AlbumId": 279, "Title": "Handel: The Messiah (Highlights)", "ArtistId": 213 }, 
    { "AlbumId": 280, "Title": "The World of Classical Favourites", "ArtistId": 214 }, 
    { "AlbumId": 281, "Title": "Sir Neville Marriner: A Celebration", "ArtistId": 215 }, 
    { "AlbumId": 282, "Title": "Mozart: Wind Concertos", "ArtistId": 216 }, 
    { "AlbumId": 283, "Title": "Haydn: Symphonies 99 - 104", "ArtistId": 217 }, 
    { "AlbumId": 284, "Title": "Beethoven: Symhonies Nos. 5 & 6", "ArtistId": 218 }, 
    { "AlbumId": 285, "Title": "A Soprano Inspired", "ArtistId": 219 }, 
    { "AlbumId": 286, "Title": "Great Opera Choruses", "ArtistId": 220 }, 
    { "AlbumId": 287, "Title": "Wagner: Favourite Overtures", "ArtistId": 221 }, 
    { "AlbumId": 288, "Title": "Fauré: Requiem, Ravel: Pavane & Others", "ArtistId": 222 }, 
    { "AlbumId": 289, "Title": "Tchaikovsky: The Nutcracker", "ArtistId": 223 }, 
    { "AlbumId": 290, "Title": "The Last Night of the Proms", "ArtistId": 224 }, 
    { "AlbumId": 291, "Title": "Puccini: Madama Butterfly - Highlights", "ArtistId": 225 }, 
    { "AlbumId": 292, "Title": "Holst: The Planets, Op. 32 & Vaughan Williams: Fantasies", "ArtistId": 226 }, 
    { "AlbumId": 293, "Title": "Pavarotti's Opera Made Easy", "ArtistId": 227 }, 
    { "AlbumId": 294, "Title": "Great Performances - Barber's Adagio and Other Romantic Favorites for Strings", "ArtistId": 228 }, 
    { "AlbumId": 295, "Title": "Carmina Burana", "ArtistId": 229 }, 
    { "AlbumId": 296, "Title": "A Copland Celebration, Vol. I", "ArtistId": 230 }, 
    { "AlbumId": 297, "Title": "Bach: Toccata & Fugue in D Minor", "ArtistId": 231 }, 
    { "AlbumId": 298, "Title": "Prokofiev: Symphony No.1", "ArtistId": 232 }, 
    { "AlbumId": 299, "Title": "Scheherazade", "ArtistId": 233 }, 
    { "AlbumId": 300, "Title": "Bach: The Brandenburg Concertos", "ArtistId": 234 }, 
    { "AlbumId": 301, "Title": "Chopin: Piano Concertos Nos. 1 & 2", "ArtistId": 235 }, 
    { "AlbumId": 302, "Title": "Mascagni: Cavalleria Rusticana", "ArtistId": 236 }, 
    { "AlbumId": 303, "Title": "Sibelius: Finlandia", "ArtistId": 237 }, 
    { "AlbumId": 304, "Title": "Beethoven Piano Sonatas: Moonlight & Pastorale", "ArtistId": 238 }, 
    { "AlbumId": 305, "Title": "Great Recordings of the Century - Mahler: Das Lied von der Erde", "ArtistId": 240 }, 
    { "AlbumId": 306, "Title": "Elgar: Cello Concerto & Vaughan Williams: Fantasias", "ArtistId": 241 }, 
    { "AlbumId": 307, "Title": "Adams, John: The Chairman Dances", "ArtistId": 242 }, 
    { "AlbumId": 308, "Title": "Tchaikovsky: 1812 Festival Overture, Op.49, Capriccio Italien & Beethoven: Wellington's Victory", "ArtistId": 243 }, 
    { "AlbumId": 309, "Title": "Palestrina: Missa Papae Marcelli & Allegri: Miserere", "ArtistId": 244 }, 
    { "AlbumId": 310, "Title": "Prokofiev: Romeo & Juliet", "ArtistId": 245 }, 
    { "AlbumId": 311, "Title": "Strauss: Waltzes", "ArtistId": 226 }, 
    { "AlbumId": 312, "Title": "Berlioz: Symphonie Fantastique", "ArtistId": 245 }, 
    { "AlbumId": 313, "Title": "Bizet: Carmen Highlights", "ArtistId": 246 }, 
    { "AlbumId": 314, "Title": "English Renaissance", "ArtistId": 247 }, 
    { "AlbumId": 315, "Title": "Handel: Music for the Royal Fireworks (Original Version 1749)", "ArtistId": 208 }, 
    { "AlbumId": 316, "Title": "Grieg: Peer Gynt Suites & Sibelius: Pelléas et Mélisande", "ArtistId": 248 }, 
    { "AlbumId": 317, "Title": "Mozart Gala: Famous Arias", "ArtistId": 249 }, 
    { "AlbumId": 318, "Title": "SCRIABIN: Vers la flamme", "ArtistId": 250 }, 
    { "AlbumId": 319, "Title": "Armada: Music from the Courts of England and Spain", "ArtistId": 251 }, 
    { "AlbumId": 320, "Title": "Mozart: Symphonies Nos. 40 & 41", "ArtistId": 248 }, 
    { "AlbumId": 321, "Title": "Back to Black", "ArtistId": 252 }, 
    { "AlbumId": 322, "Title": "Frank", "ArtistId": 252 }, 
    { "AlbumId": 323, "Title": "Carried to Dust (Bonus Track Version)", "ArtistId": 253 }, 
    { "AlbumId": 324, "Title": "Beethoven: Symphony No. 6 'Pastoral' Etc.", "ArtistId": 254 }, 
    { "AlbumId": 325, "Title": "Bartok: Violin & Viola Concertos", "ArtistId": 255 }, 
    { "AlbumId": 326, "Title": "Mendelssohn: A Midsummer Night's Dream", "ArtistId": 256 }, 
    { "AlbumId": 327, "Title": "Bach: Orchestral Suites Nos. 1 - 4", "ArtistId": 257 }, 
    { "AlbumId": 328, "Title": "Charpentier: Divertissements, Airs & Concerts", "ArtistId": 258 }, 
    { "AlbumId": 329, "Title": "South American Getaway", "ArtistId": 259 }, 
    { "AlbumId": 330, "Title": "Górecki: Symphony No. 3", "ArtistId": 260 }, 
    { "AlbumId": 331, "Title": "Purcell: The Fairy Queen", "ArtistId": 261 }, 
    { "AlbumId": 332, "Title": "The Ultimate Relexation Album", "ArtistId": 262 }, 
    { "AlbumId": 333, "Title": "Purcell: Music for the Queen Mary", "ArtistId": 263 }, 
    { "AlbumId": 334, "Title": "Weill: The Seven Deadly Sins", "ArtistId": 264 }, 
    { "AlbumId": 335, "Title": "J.S. Bach: Chaconne, Suite in E Minor, Partita in E Major & Prelude, Fugue and Allegro", "ArtistId": 265 }, 
    { "AlbumId": 336, "Title": "Prokofiev: Symphony No.5 & Stravinksy: Le Sacre Du Printemps", "ArtistId": 248 }, 
    { "AlbumId": 337, "Title": "Szymanowski: Piano Works, Vol. 1", "ArtistId": 266 }, 
    { "AlbumId": 338, "Title": "Nielsen: The Six Symphonies", "ArtistId": 267 }, 
    { "AlbumId": 339, "Title": "Great Recordings of the Century: Paganini's 24 Caprices", "ArtistId": 268 }, 
    { "AlbumId": 340, "Title": "Liszt - 12 Études D'Execution Transcendante", "ArtistId": 269 }, 
    { "AlbumId": 341, "Title": "Great Recordings of the Century - Shubert: Schwanengesang, 4 Lieder", "ArtistId": 270 }, 
    { "AlbumId": 342, "Title": "Locatelli: Concertos for Violin, Strings and Continuo, Vol. 3", "ArtistId": 271 }, 
    { "AlbumId": 343, "Title": "Respighi:Pines of Rome", "ArtistId": 226 }, 
    { "AlbumId": 344, "Title": "Schubert: The Late String Quartets & String Quintet (3 CD's)", "ArtistId": 272 }, 
    { "AlbumId": 345, "Title": "Monteverdi: L'Orfeo", "ArtistId": 273 }, 
    { "AlbumId": 346, "Title": "Mozart: Chamber Music", "ArtistId": 274 }, 
    { "AlbumId": 347, "Title": "Koyaanisqatsi (Soundtrack from the Motion Picture)", "ArtistId": 275 }, 
]
