<?xml version="1.0" encoding="UTF-8"?>
<job id="myJob" xmlns="http://xmlns.jcp.org/xml/ns/javaee" version="1.0">
    <step id="step1" next="decider1">
        <batchlet ref="myBatchlet1"/>
    </step>
    <decision id="decider1" ref="myDecider">
        <next on="foobar" to="step3"/>
        <!--<fail on="foobar" exit-status="foobar2"/>-->
        <!--<end on="foobar" exit-status="foobar2"/>-->
        <stop on="foobar2" exit-status="foobar3" restart="step3"/>
    </decision>
    <step id="step2">
        <batchlet ref="myBatchlet2"/>
    </step>
    <step id="step3">
        <batchlet ref="myBatchlet3"/>
    </step>
</job>

